,experiment_name,lr,weight_decay,use_scheduler,model,test_accuracy,best_val_accuracy,history
train_loss,mobilenetv1_small_less_channels,0.001,0.0001,True,"MobileNetV1(
  (features): Sequential(
    (0): Sequential(
      (0): Conv2d(3, 32, kernel_size=(3, 3), stride=(2, 2), padding=(1, 1), bias=False)
      (1): BatchNorm2d(32, eps=1e-05, momentum=0.1, affine=True, track_running_stats=True)
      (2): ReLU(inplace=True)
    )
    (1): DepthWiseSeperable(
      (depthwise): Conv2d(32, 32, kernel_size=(3, 3), stride=(1, 1), padding=(1, 1), groups=32, bias=False)
      (bn1): BatchNorm2d(32, eps=1e-05, momentum=0.1, affine=True, track_running_stats=True)
      (pointwise): Conv2d(32, 32, kernel_size=(1, 1), stride=(1, 1), bias=False)
      (bn2): BatchNorm2d(32, eps=1e-05, momentum=0.1, affine=True, track_running_stats=True)
      (relu): ReLU()
    )
    (2): DepthWiseSeperable(
      (depthwise): Conv2d(32, 32, kernel_size=(3, 3), stride=(2, 2), padding=(1, 1), groups=32, bias=False)
      (bn1): BatchNorm2d(32, eps=1e-05, momentum=0.1, affine=True, track_running_stats=True)
      (pointwise): Conv2d(32, 64, kernel_size=(1, 1), stride=(1, 1), bias=False)
      (bn2): BatchNorm2d(64, eps=1e-05, momentum=0.1, affine=True, track_running_stats=True)
      (relu): ReLU()
    )
    (3): DepthWiseSeperable(
      (depthwise): Conv2d(64, 64, kernel_size=(3, 3), stride=(1, 1), padding=(1, 1), groups=64, bias=False)
      (bn1): BatchNorm2d(64, eps=1e-05, momentum=0.1, affine=True, track_running_stats=True)
      (pointwise): Conv2d(64, 64, kernel_size=(1, 1), stride=(1, 1), bias=False)
      (bn2): BatchNorm2d(64, eps=1e-05, momentum=0.1, affine=True, track_running_stats=True)
      (relu): ReLU()
    )
    (4): DepthWiseSeperable(
      (depthwise): Conv2d(64, 64, kernel_size=(3, 3), stride=(2, 2), padding=(1, 1), groups=64, bias=False)
      (bn1): BatchNorm2d(64, eps=1e-05, momentum=0.1, affine=True, track_running_stats=True)
      (pointwise): Conv2d(64, 128, kernel_size=(1, 1), stride=(1, 1), bias=False)
      (bn2): BatchNorm2d(128, eps=1e-05, momentum=0.1, affine=True, track_running_stats=True)
      (relu): ReLU()
    )
    (5): DepthWiseSeperable(
      (depthwise): Conv2d(128, 128, kernel_size=(3, 3), stride=(1, 1), padding=(1, 1), groups=128, bias=False)
      (bn1): BatchNorm2d(128, eps=1e-05, momentum=0.1, affine=True, track_running_stats=True)
      (pointwise): Conv2d(128, 128, kernel_size=(1, 1), stride=(1, 1), bias=False)
      (bn2): BatchNorm2d(128, eps=1e-05, momentum=0.1, affine=True, track_running_stats=True)
      (relu): ReLU()
    )
    (6): DepthWiseSeperable(
      (depthwise): Conv2d(128, 128, kernel_size=(3, 3), stride=(2, 2), padding=(1, 1), groups=128, bias=False)
      (bn1): BatchNorm2d(128, eps=1e-05, momentum=0.1, affine=True, track_running_stats=True)
      (pointwise): Conv2d(128, 256, kernel_size=(1, 1), stride=(1, 1), bias=False)
      (bn2): BatchNorm2d(256, eps=1e-05, momentum=0.1, affine=True, track_running_stats=True)
      (relu): ReLU()
    )
    (7): DepthWiseSeperable(
      (depthwise): Conv2d(256, 256, kernel_size=(3, 3), stride=(1, 1), padding=(1, 1), groups=256, bias=False)
      (bn1): BatchNorm2d(256, eps=1e-05, momentum=0.1, affine=True, track_running_stats=True)
      (pointwise): Conv2d(256, 256, kernel_size=(1, 1), stride=(1, 1), bias=False)
      (bn2): BatchNorm2d(256, eps=1e-05, momentum=0.1, affine=True, track_running_stats=True)
      (relu): ReLU()
    )
    (8): DepthWiseSeperable(
      (depthwise): Conv2d(256, 256, kernel_size=(3, 3), stride=(1, 1), padding=(1, 1), groups=256, bias=False)
      (bn1): BatchNorm2d(256, eps=1e-05, momentum=0.1, affine=True, track_running_stats=True)
      (pointwise): Conv2d(256, 256, kernel_size=(1, 1), stride=(1, 1), bias=False)
      (bn2): BatchNorm2d(256, eps=1e-05, momentum=0.1, affine=True, track_running_stats=True)
      (relu): ReLU()
    )
    (9): DepthWiseSeperable(
      (depthwise): Conv2d(256, 256, kernel_size=(3, 3), stride=(2, 2), padding=(1, 1), groups=256, bias=False)
      (bn1): BatchNorm2d(256, eps=1e-05, momentum=0.1, affine=True, track_running_stats=True)
      (pointwise): Conv2d(256, 512, kernel_size=(1, 1), stride=(1, 1), bias=False)
      (bn2): BatchNorm2d(512, eps=1e-05, momentum=0.1, affine=True, track_running_stats=True)
      (relu): ReLU()
    )
    (10): DepthWiseSeperable(
      (depthwise): Conv2d(512, 512, kernel_size=(3, 3), stride=(1, 1), padding=(1, 1), groups=512, bias=False)
      (bn1): BatchNorm2d(512, eps=1e-05, momentum=0.1, affine=True, track_running_stats=True)
      (pointwise): Conv2d(512, 512, kernel_size=(1, 1), stride=(1, 1), bias=False)
      (bn2): BatchNorm2d(512, eps=1e-05, momentum=0.1, affine=True, track_running_stats=True)
      (relu): ReLU()
    )
  )
  (avgpool): AdaptiveAvgPool2d(output_size=1)
  (classifier): Sequential(
    (0): Dropout(p=0.2, inplace=False)
    (1): Linear(in_features=512, out_features=37, bias=True)
  )
)",0.6755146262188515,0.653217011995638,"[3.6489300469866106, 3.600095511652462, 3.5857294969774456, 3.530594898849263, 3.48449963397829, 3.4380660908980536, 3.3994461774631106, 3.340260300853331, 3.3289531889453055, 3.2835617511855317, 3.24408141726465, 3.213879131952402, 3.1841156255909713, 3.131913397610431, 3.0990050542773715, 3.0595075288758546, 3.0111757615308536, 2.986021376721831, 2.944490144999419, 2.9079409738625386, 2.862227391468858, 2.826416352946026, 2.8121339830984438, 2.7413579129691863, 2.7452085252742604, 2.6957450543999117, 2.667512650774428, 2.6158672115334247, 2.5929417814211613, 2.5496597541519, 2.5039887777886296, 2.4878774731579645, 2.47512716504916, 2.4147092856123584, 2.389717736469039, 2.3586157224717015, 2.3410872590415126, 2.302937200784878, 2.2684890782680394, 2.25126612807009, 2.169404779542334, 2.1917427113154306, 2.1840459954741864, 2.1607803388654325, 2.1436153661655646, 2.100541270113862, 2.062154887644658, 2.0078924752997263, 1.996669739915292, 1.9848997887943836, 1.9719106169155034, 1.9567680070367097, 1.8997205595256652, 1.9165471535867487, 1.9026526806951707, 1.8585150358169402, 1.8377141912875692, 1.7945601569758218, 1.7687689262178556, 1.7609865361970334, 1.774070589183039, 1.7285629769832376, 1.708664165332032, 1.7180630454382866, 1.7140201946863136, 1.6800502310269663, 1.6482486014926294, 1.6696640239745728, 1.6309415409044468, 1.6154296775382753, 1.5738850730288805, 1.5911374858888432, 1.58486507948753, 1.5958198648475113, 1.5662097414302125, 1.54382036469164, 1.5129713735648025, 1.4685580814914698, 1.5080201596257212, 1.510606487754516, 1.4720427834652983, 1.46997558105606, 1.453246630515023, 1.4709648437154297, 1.4686276268718612, 1.4053015650764542, 1.3999145304874037, 1.4320122453230024, 1.3661192153578203, 1.3851727222869947, 1.375365043635198, 1.3808706362002485, 1.337660853074532, 1.3202145557762264, 1.3408521473911355, 1.3266332248603008, 1.3380806884703242, 1.2879857149134544, 1.3021280533223167, 1.2537270284667266, 1.222792646351417, 1.2606159099670873, 1.2628005231294297, 1.2760138009022743, 1.288445156352921, 1.2715416503686872, 1.2205250554657918, 1.2437520396257817, 1.2033693273504802, 1.226457052381593, 1.2308536058682191, 1.2466823458834024, 1.2372250555971072, 1.210640944782152, 1.1815064521991254, 1.2207561976157797, 1.1512794225928764, 1.1818126021889712, 1.1582153918275915, 1.1822714346505927, 1.1704828331404857, 1.1741616761661675, 1.157037303668012, 1.1850539246382652, 1.1219075696284455, 1.1198210805597666, 1.1510507277423467, 1.1217349459995656, 1.151051918015749, 1.1210306531956034, 1.1176706437162627, 1.1010099363508976, 1.0840272366691917, 1.081560233952597, 1.0746860545576349, 1.0597794503988898, 1.101318850800594, 1.0991458811594894, 1.0346609410553416, 1.0930014715821128, 1.071875955305362, 1.0652878795049598, 1.0487168752130158, 1.0897013581913542, 1.0388461162947153, 1.0285668781194222, 1.0662727556426184, 1.0512333185609728, 1.0431364840985513, 1.0339823434904571, 1.021710862253043, 1.0449940488006413, 1.037985292141234, 0.9767342036476769, 1.0202835335592446, 0.9853504648258005, 1.0259295795067158, 0.9645335597607251, 1.0263418706667524, 0.9401764126621952, 1.0429424481549163, 1.060905108467439, 1.0128777162292473, 0.9551138806226112, 1.006257459769037, 0.9977611893202636, 0.9670693639936938, 0.9691960339196601, 0.9401699968045855, 0.980725862100034, 0.9552501827665232, 0.9746197382154176, 0.997404283644166, 0.9720503050873539, 0.9422259739973007, 0.9332284037278633, 0.9432351602686625, 0.9445738886318275, 0.9342280869329291, 0.9126344596732049]"
train_acc,mobilenetv1_small_less_channels,0.001,0.0001,True,"MobileNetV1(
  (features): Sequential(
    (0): Sequential(
      (0): Conv2d(3, 32, kernel_size=(3, 3), stride=(2, 2), padding=(1, 1), bias=False)
      (1): BatchNorm2d(32, eps=1e-05, momentum=0.1, affine=True, track_running_stats=True)
      (2): ReLU(inplace=True)
    )
    (1): DepthWiseSeperable(
      (depthwise): Conv2d(32, 32, kernel_size=(3, 3), stride=(1, 1), padding=(1, 1), groups=32, bias=False)
      (bn1): BatchNorm2d(32, eps=1e-05, momentum=0.1, affine=True, track_running_stats=True)
      (pointwise): Conv2d(32, 32, kernel_size=(1, 1), stride=(1, 1), bias=False)
      (bn2): BatchNorm2d(32, eps=1e-05, momentum=0.1, affine=True, track_running_stats=True)
      (relu): ReLU()
    )
    (2): DepthWiseSeperable(
      (depthwise): Conv2d(32, 32, kernel_size=(3, 3), stride=(2, 2), padding=(1, 1), groups=32, bias=False)
      (bn1): BatchNorm2d(32, eps=1e-05, momentum=0.1, affine=True, track_running_stats=True)
      (pointwise): Conv2d(32, 64, kernel_size=(1, 1), stride=(1, 1), bias=False)
      (bn2): BatchNorm2d(64, eps=1e-05, momentum=0.1, affine=True, track_running_stats=True)
      (relu): ReLU()
    )
    (3): DepthWiseSeperable(
      (depthwise): Conv2d(64, 64, kernel_size=(3, 3), stride=(1, 1), padding=(1, 1), groups=64, bias=False)
      (bn1): BatchNorm2d(64, eps=1e-05, momentum=0.1, affine=True, track_running_stats=True)
      (pointwise): Conv2d(64, 64, kernel_size=(1, 1), stride=(1, 1), bias=False)
      (bn2): BatchNorm2d(64, eps=1e-05, momentum=0.1, affine=True, track_running_stats=True)
      (relu): ReLU()
    )
    (4): DepthWiseSeperable(
      (depthwise): Conv2d(64, 64, kernel_size=(3, 3), stride=(2, 2), padding=(1, 1), groups=64, bias=False)
      (bn1): BatchNorm2d(64, eps=1e-05, momentum=0.1, affine=True, track_running_stats=True)
      (pointwise): Conv2d(64, 128, kernel_size=(1, 1), stride=(1, 1), bias=False)
      (bn2): BatchNorm2d(128, eps=1e-05, momentum=0.1, affine=True, track_running_stats=True)
      (relu): ReLU()
    )
    (5): DepthWiseSeperable(
      (depthwise): Conv2d(128, 128, kernel_size=(3, 3), stride=(1, 1), padding=(1, 1), groups=128, bias=False)
      (bn1): BatchNorm2d(128, eps=1e-05, momentum=0.1, affine=True, track_running_stats=True)
      (pointwise): Conv2d(128, 128, kernel_size=(1, 1), stride=(1, 1), bias=False)
      (bn2): BatchNorm2d(128, eps=1e-05, momentum=0.1, affine=True, track_running_stats=True)
      (relu): ReLU()
    )
    (6): DepthWiseSeperable(
      (depthwise): Conv2d(128, 128, kernel_size=(3, 3), stride=(2, 2), padding=(1, 1), groups=128, bias=False)
      (bn1): BatchNorm2d(128, eps=1e-05, momentum=0.1, affine=True, track_running_stats=True)
      (pointwise): Conv2d(128, 256, kernel_size=(1, 1), stride=(1, 1), bias=False)
      (bn2): BatchNorm2d(256, eps=1e-05, momentum=0.1, affine=True, track_running_stats=True)
      (relu): ReLU()
    )
    (7): DepthWiseSeperable(
      (depthwise): Conv2d(256, 256, kernel_size=(3, 3), stride=(1, 1), padding=(1, 1), groups=256, bias=False)
      (bn1): BatchNorm2d(256, eps=1e-05, momentum=0.1, affine=True, track_running_stats=True)
      (pointwise): Conv2d(256, 256, kernel_size=(1, 1), stride=(1, 1), bias=False)
      (bn2): BatchNorm2d(256, eps=1e-05, momentum=0.1, affine=True, track_running_stats=True)
      (relu): ReLU()
    )
    (8): DepthWiseSeperable(
      (depthwise): Conv2d(256, 256, kernel_size=(3, 3), stride=(1, 1), padding=(1, 1), groups=256, bias=False)
      (bn1): BatchNorm2d(256, eps=1e-05, momentum=0.1, affine=True, track_running_stats=True)
      (pointwise): Conv2d(256, 256, kernel_size=(1, 1), stride=(1, 1), bias=False)
      (bn2): BatchNorm2d(256, eps=1e-05, momentum=0.1, affine=True, track_running_stats=True)
      (relu): ReLU()
    )
    (9): DepthWiseSeperable(
      (depthwise): Conv2d(256, 256, kernel_size=(3, 3), stride=(2, 2), padding=(1, 1), groups=256, bias=False)
      (bn1): BatchNorm2d(256, eps=1e-05, momentum=0.1, affine=True, track_running_stats=True)
      (pointwise): Conv2d(256, 512, kernel_size=(1, 1), stride=(1, 1), bias=False)
      (bn2): BatchNorm2d(512, eps=1e-05, momentum=0.1, affine=True, track_running_stats=True)
      (relu): ReLU()
    )
    (10): DepthWiseSeperable(
      (depthwise): Conv2d(512, 512, kernel_size=(3, 3), stride=(1, 1), padding=(1, 1), groups=512, bias=False)
      (bn1): BatchNorm2d(512, eps=1e-05, momentum=0.1, affine=True, track_running_stats=True)
      (pointwise): Conv2d(512, 512, kernel_size=(1, 1), stride=(1, 1), bias=False)
      (bn2): BatchNorm2d(512, eps=1e-05, momentum=0.1, affine=True, track_running_stats=True)
      (relu): ReLU()
    )
  )
  (avgpool): AdaptiveAvgPool2d(output_size=1)
  (classifier): Sequential(
    (0): Dropout(p=0.2, inplace=False)
    (1): Linear(in_features=512, out_features=37, bias=True)
  )
)",0.6755146262188515,0.653217011995638,"[0.029708367402562007, 0.03243390569637503, 0.03706732079585719, 0.05124011992368493, 0.07195421095666395, 0.07495230307985827, 0.08476424093758518, 0.09512128645407468, 0.09920959389479422, 0.12046879258653584, 0.11801580812210412, 0.1256473153447806, 0.13300626873807578, 0.14036522213137095, 0.1629871899700191, 0.1635322976287817, 0.18070318887980377, 0.18724448078495504, 0.19133278822567457, 0.1959662033251567, 0.21041155628236577, 0.21967838648133006, 0.22158626328699918, 0.22594712455710003, 0.23821204687925865, 0.2493867538838921, 0.25947124557100026, 0.26628509130553285, 0.2692831834287272, 0.28590896702098667, 0.30444262741891526, 0.30498773507767785, 0.3088034886890161, 0.32733714908694467, 0.3281548105750886, 0.3357863177977651, 0.34069228672662855, 0.3496865630962115, 0.3624965930771327, 0.3584082856364132, 0.3783047151812483, 0.38103025347506136, 0.38402834559825566, 0.39275006813845736, 0.39547560643227037, 0.41400926683019895, 0.41373671300081766, 0.43390569637503407, 0.42927228127555195, 0.44153720359771054, 0.44071954210956665, 0.4508040337966749, 0.45898064867811394, 0.4483510493322431, 0.45952575633687653, 0.4731534478059417, 0.47015535568274736, 0.485145816298719, 0.4935949850095394, 0.5020441537203598, 0.49086944671572635, 0.5083128917961297, 0.5197601526301445, 0.5194875988007631, 0.5107658762605615, 0.5173071681657128, 0.5279367675115836, 0.5224856909239575, 0.54183701281003, 0.5464704279095122, 0.5541019351321886, 0.5524666121559008, 0.5513763968383756, 0.5500136276914691, 0.5587353502316708, 0.5546470427909512, 0.5701826110656855, 0.5851730716816571, 0.5669119651131098, 0.5674570727718725, 0.5786317797765059, 0.5827200872172255, 0.5892613791223766, 0.5824475333878442, 0.5849005178522758, 0.5966203325156718, 0.6064322703733988, 0.594985009539384, 0.6080675933496866, 0.6058871627146362, 0.6181520850367948, 0.6091578086672118, 0.6132461161079313, 0.6295993458708095, 0.6167893158898883, 0.6263286999182339, 0.6200599618424639, 0.6410466067048243, 0.6260561460888525, 0.648133006268738, 0.6535840828563642, 0.6413191605342056, 0.652493867538839, 0.6342327609702917, 0.6334150994821477, 0.6366857454347233, 0.6508585445625511, 0.6486781139275007, 0.6560370673207959, 0.6494957754156446, 0.6505859907331698, 0.6497683292450259, 0.6475878986099755, 0.6554919596620332, 0.6683019896429545, 0.6527664213682203, 0.6710275279367676, 0.6721177432542927, 0.6680294358135732, 0.664213682202235, 0.6693922049604797, 0.6702098664486237, 0.6778413736713002, 0.6677568819841919, 0.6778413736713002, 0.6811120196238757, 0.6715726355955302, 0.6816571272826384, 0.6740256200599619, 0.6778413736713002, 0.6914690651403652, 0.6794766966475879, 0.6947397110929409, 0.6914690651403652, 0.6936494957754157, 0.699373126192423, 0.6931043881166531, 0.6860179885527392, 0.7091850640501499, 0.6800218043063505, 0.6980103570455165, 0.6985554647042791, 0.6974652493867539, 0.6982829108748978, 0.7034614336331426, 0.7105478331970564, 0.699373126192423, 0.6985554647042791, 0.7045516489506678, 0.702098664486236, 0.7061869719269556, 0.7094576178795312, 0.7015535568274734, 0.7233578631779777, 0.7061869719269556, 0.7269010629599346, 0.702098664486236, 0.7198146633960207, 0.7067320795857182, 0.7342600163532298, 0.705641864268193, 0.6969201417279913, 0.7187244480784956, 0.7282638321068411, 0.7165440174434451, 0.7157263559553012, 0.738075769964568, 0.7258108476424094, 0.7277187244480785, 0.7255382938130281, 0.7339874625238485, 0.7244480784955029, 0.7203597710547833, 0.7260834014717907, 0.7309893704006541, 0.7397110929408558, 0.7413464159171437, 0.7337149086944672, 0.7339874625238485, 0.7405287544289998]"
val_loss,mobilenetv1_small_less_channels,0.001,0.0001,True,"MobileNetV1(
  (features): Sequential(
    (0): Sequential(
      (0): Conv2d(3, 32, kernel_size=(3, 3), stride=(2, 2), padding=(1, 1), bias=False)
      (1): BatchNorm2d(32, eps=1e-05, momentum=0.1, affine=True, track_running_stats=True)
      (2): ReLU(inplace=True)
    )
    (1): DepthWiseSeperable(
      (depthwise): Conv2d(32, 32, kernel_size=(3, 3), stride=(1, 1), padding=(1, 1), groups=32, bias=False)
      (bn1): BatchNorm2d(32, eps=1e-05, momentum=0.1, affine=True, track_running_stats=True)
      (pointwise): Conv2d(32, 32, kernel_size=(1, 1), stride=(1, 1), bias=False)
      (bn2): BatchNorm2d(32, eps=1e-05, momentum=0.1, affine=True, track_running_stats=True)
      (relu): ReLU()
    )
    (2): DepthWiseSeperable(
      (depthwise): Conv2d(32, 32, kernel_size=(3, 3), stride=(2, 2), padding=(1, 1), groups=32, bias=False)
      (bn1): BatchNorm2d(32, eps=1e-05, momentum=0.1, affine=True, track_running_stats=True)
      (pointwise): Conv2d(32, 64, kernel_size=(1, 1), stride=(1, 1), bias=False)
      (bn2): BatchNorm2d(64, eps=1e-05, momentum=0.1, affine=True, track_running_stats=True)
      (relu): ReLU()
    )
    (3): DepthWiseSeperable(
      (depthwise): Conv2d(64, 64, kernel_size=(3, 3), stride=(1, 1), padding=(1, 1), groups=64, bias=False)
      (bn1): BatchNorm2d(64, eps=1e-05, momentum=0.1, affine=True, track_running_stats=True)
      (pointwise): Conv2d(64, 64, kernel_size=(1, 1), stride=(1, 1), bias=False)
      (bn2): BatchNorm2d(64, eps=1e-05, momentum=0.1, affine=True, track_running_stats=True)
      (relu): ReLU()
    )
    (4): DepthWiseSeperable(
      (depthwise): Conv2d(64, 64, kernel_size=(3, 3), stride=(2, 2), padding=(1, 1), groups=64, bias=False)
      (bn1): BatchNorm2d(64, eps=1e-05, momentum=0.1, affine=True, track_running_stats=True)
      (pointwise): Conv2d(64, 128, kernel_size=(1, 1), stride=(1, 1), bias=False)
      (bn2): BatchNorm2d(128, eps=1e-05, momentum=0.1, affine=True, track_running_stats=True)
      (relu): ReLU()
    )
    (5): DepthWiseSeperable(
      (depthwise): Conv2d(128, 128, kernel_size=(3, 3), stride=(1, 1), padding=(1, 1), groups=128, bias=False)
      (bn1): BatchNorm2d(128, eps=1e-05, momentum=0.1, affine=True, track_running_stats=True)
      (pointwise): Conv2d(128, 128, kernel_size=(1, 1), stride=(1, 1), bias=False)
      (bn2): BatchNorm2d(128, eps=1e-05, momentum=0.1, affine=True, track_running_stats=True)
      (relu): ReLU()
    )
    (6): DepthWiseSeperable(
      (depthwise): Conv2d(128, 128, kernel_size=(3, 3), stride=(2, 2), padding=(1, 1), groups=128, bias=False)
      (bn1): BatchNorm2d(128, eps=1e-05, momentum=0.1, affine=True, track_running_stats=True)
      (pointwise): Conv2d(128, 256, kernel_size=(1, 1), stride=(1, 1), bias=False)
      (bn2): BatchNorm2d(256, eps=1e-05, momentum=0.1, affine=True, track_running_stats=True)
      (relu): ReLU()
    )
    (7): DepthWiseSeperable(
      (depthwise): Conv2d(256, 256, kernel_size=(3, 3), stride=(1, 1), padding=(1, 1), groups=256, bias=False)
      (bn1): BatchNorm2d(256, eps=1e-05, momentum=0.1, affine=True, track_running_stats=True)
      (pointwise): Conv2d(256, 256, kernel_size=(1, 1), stride=(1, 1), bias=False)
      (bn2): BatchNorm2d(256, eps=1e-05, momentum=0.1, affine=True, track_running_stats=True)
      (relu): ReLU()
    )
    (8): DepthWiseSeperable(
      (depthwise): Conv2d(256, 256, kernel_size=(3, 3), stride=(1, 1), padding=(1, 1), groups=256, bias=False)
      (bn1): BatchNorm2d(256, eps=1e-05, momentum=0.1, affine=True, track_running_stats=True)
      (pointwise): Conv2d(256, 256, kernel_size=(1, 1), stride=(1, 1), bias=False)
      (bn2): BatchNorm2d(256, eps=1e-05, momentum=0.1, affine=True, track_running_stats=True)
      (relu): ReLU()
    )
    (9): DepthWiseSeperable(
      (depthwise): Conv2d(256, 256, kernel_size=(3, 3), stride=(2, 2), padding=(1, 1), groups=256, bias=False)
      (bn1): BatchNorm2d(256, eps=1e-05, momentum=0.1, affine=True, track_running_stats=True)
      (pointwise): Conv2d(256, 512, kernel_size=(1, 1), stride=(1, 1), bias=False)
      (bn2): BatchNorm2d(512, eps=1e-05, momentum=0.1, affine=True, track_running_stats=True)
      (relu): ReLU()
    )
    (10): DepthWiseSeperable(
      (depthwise): Conv2d(512, 512, kernel_size=(3, 3), stride=(1, 1), padding=(1, 1), groups=512, bias=False)
      (bn1): BatchNorm2d(512, eps=1e-05, momentum=0.1, affine=True, track_running_stats=True)
      (pointwise): Conv2d(512, 512, kernel_size=(1, 1), stride=(1, 1), bias=False)
      (bn2): BatchNorm2d(512, eps=1e-05, momentum=0.1, affine=True, track_running_stats=True)
      (relu): ReLU()
    )
  )
  (avgpool): AdaptiveAvgPool2d(output_size=1)
  (classifier): Sequential(
    (0): Dropout(p=0.2, inplace=False)
    (1): Linear(in_features=512, out_features=37, bias=True)
  )
)",0.6755146262188515,0.653217011995638,"[3.625767298587146, 3.5796065977901512, 3.55329961839133, 3.4817731684660833, 3.3949006056187585, 3.4196341201549267, 3.3064570177342407, 3.268860630276679, 3.2470149741697987, 3.2337000294626086, 3.1337841472292935, 3.1308280823664942, 3.0745269802430464, 2.9897252512342147, 3.0108184830053033, 3.0788103579954855, 2.920211708012688, 2.8098415928032563, 2.9352443486029607, 2.728949196596052, 2.662668494127829, 2.670712438768493, 2.716705561984196, 2.6200846915936653, 2.657682812720895, 2.6049367929102942, 2.6738864569523604, 2.536412230364759, 2.5013498217354946, 2.43943467940993, 2.4338257596172967, 2.464872732287275, 2.4428850229069865, 2.3690221962257976, 2.3677824561442518, 2.39888117812582, 2.2782159642018827, 2.22308729831109, 2.1211077203667412, 2.1818399702319664, 2.186740028169189, 2.153755015869307, 2.2739545342186416, 2.166777796417702, 2.200734812274754, 2.011628070860419, 2.0345120012695164, 1.9714233164178896, 1.9674810215327057, 2.0126331473904844, 1.9786938923525836, 1.8493953561054841, 1.8501386902454504, 1.840075365134648, 1.8390281787355438, 1.918982752276871, 1.755105105975202, 1.8216720621874445, 1.7966994001665189, 1.770896292434784, 1.8170330386645401, 1.8800377711864957, 1.7442989909661895, 1.8440641527477502, 1.7130421101071973, 1.7450333145998556, 1.7596094209209263, 1.6748859268758394, 1.767115552006787, 1.6274294006915493, 1.6728386306970695, 1.6151211981944975, 1.7409699722360759, 1.6957249241020844, 1.5650107535567122, 1.662232622390485, 1.6575533169826477, 1.5982381868518425, 1.6139085907712498, 1.617330909555325, 1.6348478700498459, 1.5654089712134625, 1.6775986143390902, 1.5808202309072863, 1.488516526887825, 1.5139485154313115, 1.5737819561131519, 1.4926060383556454, 1.5467368928530745, 1.4680537020497129, 1.4687968297509097, 1.5003180641644394, 1.5535266348683847, 1.4858580055517614, 1.4739196263456813, 1.5476443112351512, 1.459210386973041, 1.5948927052798423, 1.4507007944674892, 1.4071772524288721, 1.5402187450891494, 1.544564150931921, 1.4557657794317997, 1.5155730972893235, 1.4918547649029947, 1.4243252448973245, 1.4173503523954518, 1.443218721298251, 1.5501200426105846, 1.4655683008769087, 1.4715079539734768, 1.407167402777573, 1.410710587496326, 1.5135505632329793, 1.4361903718799645, 1.4784573802121204, 1.385631037057421, 1.3946414910329987, 1.3961442680369287, 1.4536463864627036, 1.4287784576026017, 1.4272933644582817, 1.4231026539235754, 1.3471561810052513, 1.46422499528758, 1.4235001483946357, 1.4235972643158559, 1.4719446020011944, 1.4408551087946253, 1.3856944044647717, 1.4307941709245955, 1.3735050211295956, 1.3609797892159698, 1.3828291168909685, 1.316756461932849, 1.3071283568082745, 1.383696413742157, 1.4262819675933833, 1.397942664189063, 1.3758744120987838, 1.3562170838451697, 1.34545243202405, 1.356907152557581, 1.4991771738362807, 1.525758596777006, 1.3726919637251576, 1.3900010435635808, 1.3365013344272272, 1.396253835608941, 1.3119934628287995, 1.397388381942408, 1.359415441588981, 1.320424879325255, 1.3098498439840818, 1.3823510630700164, 1.3609855615715685, 1.3712145931198136, 1.3890990813789867, 1.4743609748203856, 1.3318870977591013, 1.357834989982967, 1.3391086705508384, 1.418552194907855, 1.3553446945993304, 1.3617268886534963, 1.339772455564892, 1.3611870787655904, 1.3508528827840915, 1.3471661672857362, 1.3458784630150415, 1.3140095432036056, 1.2966292288597174, 1.2686332345918845, 1.3453942799906173, 1.3217217808461372, 1.300567878631625, 1.3944501477733433, 1.3365600670047, 1.3734052311243121, 1.249867853967548]"
val_acc,mobilenetv1_small_less_channels,0.001,0.0001,True,"MobileNetV1(
  (features): Sequential(
    (0): Sequential(
      (0): Conv2d(3, 32, kernel_size=(3, 3), stride=(2, 2), padding=(1, 1), bias=False)
      (1): BatchNorm2d(32, eps=1e-05, momentum=0.1, affine=True, track_running_stats=True)
      (2): ReLU(inplace=True)
    )
    (1): DepthWiseSeperable(
      (depthwise): Conv2d(32, 32, kernel_size=(3, 3), stride=(1, 1), padding=(1, 1), groups=32, bias=False)
      (bn1): BatchNorm2d(32, eps=1e-05, momentum=0.1, affine=True, track_running_stats=True)
      (pointwise): Conv2d(32, 32, kernel_size=(1, 1), stride=(1, 1), bias=False)
      (bn2): BatchNorm2d(32, eps=1e-05, momentum=0.1, affine=True, track_running_stats=True)
      (relu): ReLU()
    )
    (2): DepthWiseSeperable(
      (depthwise): Conv2d(32, 32, kernel_size=(3, 3), stride=(2, 2), padding=(1, 1), groups=32, bias=False)
      (bn1): BatchNorm2d(32, eps=1e-05, momentum=0.1, affine=True, track_running_stats=True)
      (pointwise): Conv2d(32, 64, kernel_size=(1, 1), stride=(1, 1), bias=False)
      (bn2): BatchNorm2d(64, eps=1e-05, momentum=0.1, affine=True, track_running_stats=True)
      (relu): ReLU()
    )
    (3): DepthWiseSeperable(
      (depthwise): Conv2d(64, 64, kernel_size=(3, 3), stride=(1, 1), padding=(1, 1), groups=64, bias=False)
      (bn1): BatchNorm2d(64, eps=1e-05, momentum=0.1, affine=True, track_running_stats=True)
      (pointwise): Conv2d(64, 64, kernel_size=(1, 1), stride=(1, 1), bias=False)
      (bn2): BatchNorm2d(64, eps=1e-05, momentum=0.1, affine=True, track_running_stats=True)
      (relu): ReLU()
    )
    (4): DepthWiseSeperable(
      (depthwise): Conv2d(64, 64, kernel_size=(3, 3), stride=(2, 2), padding=(1, 1), groups=64, bias=False)
      (bn1): BatchNorm2d(64, eps=1e-05, momentum=0.1, affine=True, track_running_stats=True)
      (pointwise): Conv2d(64, 128, kernel_size=(1, 1), stride=(1, 1), bias=False)
      (bn2): BatchNorm2d(128, eps=1e-05, momentum=0.1, affine=True, track_running_stats=True)
      (relu): ReLU()
    )
    (5): DepthWiseSeperable(
      (depthwise): Conv2d(128, 128, kernel_size=(3, 3), stride=(1, 1), padding=(1, 1), groups=128, bias=False)
      (bn1): BatchNorm2d(128, eps=1e-05, momentum=0.1, affine=True, track_running_stats=True)
      (pointwise): Conv2d(128, 128, kernel_size=(1, 1), stride=(1, 1), bias=False)
      (bn2): BatchNorm2d(128, eps=1e-05, momentum=0.1, affine=True, track_running_stats=True)
      (relu): ReLU()
    )
    (6): DepthWiseSeperable(
      (depthwise): Conv2d(128, 128, kernel_size=(3, 3), stride=(2, 2), padding=(1, 1), groups=128, bias=False)
      (bn1): BatchNorm2d(128, eps=1e-05, momentum=0.1, affine=True, track_running_stats=True)
      (pointwise): Conv2d(128, 256, kernel_size=(1, 1), stride=(1, 1), bias=False)
      (bn2): BatchNorm2d(256, eps=1e-05, momentum=0.1, affine=True, track_running_stats=True)
      (relu): ReLU()
    )
    (7): DepthWiseSeperable(
      (depthwise): Conv2d(256, 256, kernel_size=(3, 3), stride=(1, 1), padding=(1, 1), groups=256, bias=False)
      (bn1): BatchNorm2d(256, eps=1e-05, momentum=0.1, affine=True, track_running_stats=True)
      (pointwise): Conv2d(256, 256, kernel_size=(1, 1), stride=(1, 1), bias=False)
      (bn2): BatchNorm2d(256, eps=1e-05, momentum=0.1, affine=True, track_running_stats=True)
      (relu): ReLU()
    )
    (8): DepthWiseSeperable(
      (depthwise): Conv2d(256, 256, kernel_size=(3, 3), stride=(1, 1), padding=(1, 1), groups=256, bias=False)
      (bn1): BatchNorm2d(256, eps=1e-05, momentum=0.1, affine=True, track_running_stats=True)
      (pointwise): Conv2d(256, 256, kernel_size=(1, 1), stride=(1, 1), bias=False)
      (bn2): BatchNorm2d(256, eps=1e-05, momentum=0.1, affine=True, track_running_stats=True)
      (relu): ReLU()
    )
    (9): DepthWiseSeperable(
      (depthwise): Conv2d(256, 256, kernel_size=(3, 3), stride=(2, 2), padding=(1, 1), groups=256, bias=False)
      (bn1): BatchNorm2d(256, eps=1e-05, momentum=0.1, affine=True, track_running_stats=True)
      (pointwise): Conv2d(256, 512, kernel_size=(1, 1), stride=(1, 1), bias=False)
      (bn2): BatchNorm2d(512, eps=1e-05, momentum=0.1, affine=True, track_running_stats=True)
      (relu): ReLU()
    )
    (10): DepthWiseSeperable(
      (depthwise): Conv2d(512, 512, kernel_size=(3, 3), stride=(1, 1), padding=(1, 1), groups=512, bias=False)
      (bn1): BatchNorm2d(512, eps=1e-05, momentum=0.1, affine=True, track_running_stats=True)
      (pointwise): Conv2d(512, 512, kernel_size=(1, 1), stride=(1, 1), bias=False)
      (bn2): BatchNorm2d(512, eps=1e-05, momentum=0.1, affine=True, track_running_stats=True)
      (relu): ReLU()
    )
  )
  (avgpool): AdaptiveAvgPool2d(output_size=1)
  (classifier): Sequential(
    (0): Dropout(p=0.2, inplace=False)
    (1): Linear(in_features=512, out_features=37, bias=True)
  )
)",0.6755146262188515,0.653217011995638,"[0.024536532170119956, 0.04580152671755725, 0.04798255179934569, 0.06215921483097056, 0.07142857142857144, 0.07579062159214832, 0.09269356597600872, 0.11177753544165758, 0.1068702290076336, 0.11504907306434024, 0.13576881134133043, 0.12213740458015268, 0.1504907306434024, 0.16521264994547438, 0.16412213740458015, 0.16412213740458015, 0.19901853871319522, 0.21919302071973829, 0.20010905125408943, 0.22791712104689205, 0.2529989094874591, 0.24863685932388224, 0.247546346782988, 0.2584514721919302, 0.24809160305343514, 0.26990185387131954, 0.2535441657579062, 0.2895310796074155, 0.2846237731733915, 0.3031624863685933, 0.3107960741548528, 0.30970556161395857, 0.306979280261723, 0.3282442748091603, 0.3326063249727372, 0.34023991275899673, 0.3424209378407852, 0.36205016357688113, 0.390948745910578, 0.3642311886586696, 0.3604143947655398, 0.38386041439476554, 0.3642311886586696, 0.3871319520174482, 0.3680479825517994, 0.4094874591057797, 0.3898582333696838, 0.42584514721919303, 0.42093784078516905, 0.4182115594329335, 0.4231188658669575, 0.46837513631406763, 0.46292257360959654, 0.45801526717557256, 0.4536532170119957, 0.4389312977099237, 0.4760087241003272, 0.46401308615049075, 0.48037077426390407, 0.4738276990185387, 0.4558342420937841, 0.4787350054525627, 0.4880043620501636, 0.46892039258451473, 0.4983642311886587, 0.4890948745910578, 0.4890948745910578, 0.5076335877862596, 0.49127589967284624, 0.5103598691384951, 0.504907306434024, 0.529443838604144, 0.48582333696837515, 0.4945474372955289, 0.534896401308615, 0.5038167938931298, 0.5130861504907307, 0.5299890948745911, 0.5354416575790621, 0.5059978189749182, 0.5158124318429662, 0.5458015267175573, 0.514721919302072, 0.5288985823336969, 0.5681570338058888, 0.5588876772082879, 0.5550708833151582, 0.5725190839694657, 0.549618320610687, 0.5757906215921483, 0.5757906215921483, 0.5703380588876772, 0.5599781897491821, 0.5627044711014177, 0.5883315158124318, 0.5616139585605234, 0.5730643402399128, 0.5588876772082879, 0.5877862595419847, 0.598691384950927, 0.5834242093784079, 0.579062159214831, 0.5779716466739367, 0.5714285714285715, 0.5785169029443838, 0.5845147219193021, 0.5992366412213741, 0.5828789531079608, 0.5676117775354417, 0.5861504907306434, 0.5948745910577972, 0.5932388222464559, 0.5954198473282443, 0.5763358778625954, 0.5801526717557253, 0.5817884405670666, 0.6134133042529989, 0.6090512540894221, 0.6008724100327154, 0.5948745910577972, 0.5921483097055616, 0.6112322791712105, 0.5976008724100328, 0.6101417666303163, 0.5959651035986914, 0.5894220283533261, 0.6101417666303163, 0.593784078516903, 0.5921483097055616, 0.6155943293347874, 0.5959651035986914, 0.6046892039258451, 0.6090512540894221, 0.6090512540894221, 0.6117775354416576, 0.6237731733914941, 0.604143947655398, 0.6052344601962922, 0.6090512540894221, 0.6150490730643403, 0.6145038167938932, 0.623227917121047, 0.6183206106870229, 0.6030534351145038, 0.5883315158124318, 0.6063249727371866, 0.6079607415485279, 0.6226826608505998, 0.6052344601962922, 0.6281352235550709, 0.613958560523446, 0.6221374045801527, 0.6395856052344602, 0.6237731733914941, 0.6194111232279171, 0.6292257360959651, 0.6221374045801527, 0.6270447110141767, 0.6101417666303163, 0.6412213740458016, 0.6172300981461287, 0.6374045801526718, 0.6243184296619412, 0.6205016357688113, 0.6319520174482007, 0.6374045801526718, 0.6352235550708834, 0.623227917121047, 0.6319520174482007, 0.6352235550708834, 0.6450381679389313, 0.653217011995638, 0.6494002181025083, 0.628680479825518, 0.6395856052344602, 0.6450381679389313, 0.6172300981461287, 0.6275899672846238, 0.6330425299890949, 0.6406761177753545]"
